config,metric,mean_diff,ci_low,ci_high,p_value,significant_at_0.05
bm25_fixed200,retrieval_hit,-0.12,-0.20666666666666667,-0.033333333333333326,0.0076,True
bm25_fixed200,gen_f1,-0.08741250376032983,-0.166737922705314,-0.008012193201323653,0.0322,True
dense_large_chunks400,retrieval_hit,-0.006666666666666599,-0.020000000000000018,0.0,0.7452,False
dense_large_chunks400,gen_f1,-0.01650000000000007,-0.043333333333333335,0.006166666666666654,0.1836,False
dense_reranked,retrieval_hit,0.020000000000000018,-0.020000000000000018,0.06000000000000005,0.3958,False
dense_reranked,gen_f1,0.015838013838013754,-0.018105636955636946,0.0497777777777777,0.3508,False
dense_sentence_chunks,retrieval_hit,-0.013333333333333308,-0.033333333333333326,0.0,0.2604,False
dense_sentence_chunks,gen_f1,-0.018444444444444485,-0.04133333333333322,-0.0006666666666665932,0.0354,True
dense_small_chunks100,retrieval_hit,-0.019999999999999907,-0.053333333333333344,0.00666666666666671,0.2424,False
dense_small_chunks100,gen_f1,-0.03229426129426127,-0.07054826007326012,0.003429365079365053,0.0794,False
dense_topk1,retrieval_hit,-0.19999999999999996,-0.2666666666666667,-0.14,0.0,True
dense_topk1,gen_f1,-0.1540156783635045,-0.22232089947089942,-0.08905626869105122,0.0,True
dense_topk5,retrieval_hit,0.01333333333333342,0.0,0.033333333333333326,0.2626,False
dense_topk5,gen_f1,-0.13491086691086684,-0.19653998778998782,-0.07432753357753358,0.0,True
hybrid_fixed200,retrieval_hit,0.03333333333333344,-0.026666666666666616,0.09333333333333327,0.303,False
hybrid_fixed200,gen_f1,0.052759259259259284,-0.004279629629629673,0.11111296296296287,0.071,False
